{"step":2631,"iter":42110,"trainer/global_step":42113,"epoch":0,"iter_time":0.3469188893213868,"_timestamp":1.7384517099417946e+09,"_runtime":18850.998698752,"val_loss":0.14729191362857819,"val_ppl":1.1586921516969202,"_step":8424,"loss":0.12696845829486847,"learning_rate":3.767355512761029e-08,"_wandb":{"runtime":18912}}