{"_step":2,"learning_rate":9.999999074732573e-06,"epoch":0,"iter":15,"step":1,"_wandb":{"runtime":4},"iter_time":0.16820357087999582,"loss":0.7124837636947632,"_timestamp":1.7380940590467122e+09,"trainer/global_step":15,"_runtime":3.481012729}