{"loss":0.13480082154273987,"_timestamp":1.7389796424980586e+09,"iter":42110,"learning_rate":3.767355512761029e-08,"iter_time":0.34282616153359413,"_runtime":18847.275807912,"_step":8424,"step":2631,"val_loss":0.14652486145496368,"trainer/global_step":42113,"epoch":0,"val_ppl":1.1578037151455656,"_wandb":{"runtime":18892}}