{"_step":220,"epoch":2,"_timestamp":1.7413414659935567e+09,"step":1069,"trainer/global_step":1071,"_runtime":549.499868597,"_wandb":{"runtime":565},"iter":1070,"val_ppl":1.0753601947534248,"learning_rate":2.49236670949392e-07,"iter_time":0.24274108186364174,"loss":0.044795431196689606,"val_loss":0.07265567034482956}