{"_timestamp":1.738094559319647e+09,"_runtime":3.467223712,"trainer/global_step":15,"learning_rate":9.999999074732573e-06,"_step":2,"epoch":0,"iter_time":0.1395357921719551,"step":1,"loss":0.7117937803268433,"iter":15,"_wandb":{"runtime":4}}