{"step":67,"iter":270,"trainer/global_step":270,"loss":0.24799880385398865,"_step":53,"iter_time":0.1032585995271802,"epoch":0,"_runtime":42.024337437,"learning_rate":9.995847049420465e-06,"_timestamp":1.7377063201570194e+09,"_wandb":{"runtime":42}}