{"_step":9,"iter":50,"loss":0.502095639705658,"trainer/global_step":50,"epoch":0,"iter_time":0.1150970570743084,"_timestamp":1.737706245751458e+09,"_wandb":{"runtime":9},"learning_rate":9.999789765372797e-06,"_runtime":9.4262093,"step":12}