{"epoch":0,"iter_time":0.5606594644486904,"_runtime":63.703077055,"_step":5,"learning_rate":9.999996151315636e-06,"trainer/global_step":30,"loss":1.4487422704696655,"_timestamp":1.7384593105110912e+09,"step":1,"_wandb":{"runtime":86},"iter":30}