{"val_loss":0.20007653534412384,"loss":0.10258826613426208,"_timestamp":1.7377101934158049e+09,"step":5263,"trainer/global_step":42113,"epoch":0,"learning_rate":9.065805376435313e-09,"_wandb":{"runtime":3849},"iter_time":0.07056835386902094,"_runtime":3839.855484831,"_step":8424,"iter":42110,"val_ppl":1.2214962422179512}