{"_timestamp":1.7377059856804707e+09,"trainer/global_step":60,"epoch":0,"iter":60,"_step":11,"iter_time":0.1104769492521882,"loss":0.5663018226623535,"_wandb":{"runtime":10},"step":14,"_runtime":9.33637537,"learning_rate":9.999818648675046e-06}