{"loss":0.34816181659698486,"learning_rate":9.99994078299975e-06,"step":8,"_timestamp":1.7380954980896046e+09,"epoch":0,"_wandb":{"runtime":20},"_runtime":20.16969819,"iter_time":0.275664372369647,"_step":13,"iter":70,"trainer/global_step":70}