{"epoch":0,"iter_time":0.24583291076123714,"learning_rate":9.065805376435313e-09,"val_ppl":1.184138771660156,"trainer/global_step":42113,"step":5263,"_timestamp":1.7381077385458221e+09,"_wandb":{"runtime":11962},"iter":42110,"val_loss":0.16901573538780212,"loss":0.08911294490098953,"_step":8424,"_runtime":11944.379324399}