{"_step":5,"trainer/global_step":30,"_timestamp":1.7380942636776705e+09,"iter_time":0.16198647860437632,"iter":30,"loss":0.9956622123718262,"_wandb":{"runtime":6},"_runtime":5.397073928,"step":1,"learning_rate":9.999999074732573e-06,"epoch":0}