{"_step":4210,"_wandb":{"runtime":5662},"learning_rate":4.850972848445089e-06,"step":2631,"epoch":0,"loss":0.10060674697160721,"iter":21055,"_runtime":5539.555239682,"trainer/global_step":21055,"_timestamp":1.7381938784509737e+09,"iter_time":0.21856472361832857}