{"epoch":0,"_step":1,"iter":10,"loss":1.3285859823226929,"_wandb":{"runtime":3},"step":1,"trainer/global_step":10,"iter_time":0.1942457938566804,"_timestamp":1.7377060391685562e+09,"learning_rate":9.99999663284434e-06,"_runtime":2.794864816}