{"_step":13,"_runtime":27.897805841,"trainer/global_step":70,"_timestamp":1.738350588082568e+09,"step":4,"_wandb":{"runtime":29},"epoch":0,"iter":70,"loss":0.3329021632671356,"iter_time":0.31092522386461496,"learning_rate":9.999939000729714e-06}